{"0": [0.6561528679017977, 0.6019336032376114, 0.5780941048474313, 0.5639262666506684, 0.5505789854873969, 0.5416645394688503, 0.5387195237605348, 0.5282817225770305, 0.5322746535455704, 0.5188568208878667, 0.5125322719575667, 0.5107128023102165, 0.5088314777811329, 0.5051045004896242, 0.4958095996954859, 0.4950242951950174, 0.49307530262994004, 0.4866807717198899, 0.4872590837523773, 0.4813491943624922, 0.4814255488645252, 0.4797864490725119, 0.4823105883325634, 0.4705950245892971, 0.4726340421413945, 0.4680096617854105, 0.4670106665731017, 0.46038344130140396, 0.4620848347895175, 0.45780357556960105, 0.4586358512030906, 0.45498894738906515, 0.45403434411117344, 0.4531030293449016, 0.4493022295079789, 0.44937725814312457, 0.4460853332599647, 0.45054782751754435, 0.4435803010439736, 0.4446250518041587, 0.4410232882597782, 0.4392357534427564, 0.4446652109140218, 0.4387019747837693, 0.43796994578107246, 0.43954318738317516, 0.43673299886234834, 0.4321870690224877, 0.43064426822766727, 0.4361406980275967], "1": [0.6361719720275697, 0.5880492939807517, 0.5656950029835995, 0.5499482405148086, 0.5411168902471817, 0.5328708294932599, 0.5254894813661908, 0.5197673946812975, 0.5195317332195921, 0.509047762708442, 0.5086956688624776, 0.501789366322094, 0.49853734714090175, 0.49312347458174854, 0.48871149734217983, 0.48508263555498804, 0.48038389115755764, 0.48022919670526054, 0.47818833861071736, 0.4769778879253946, 0.4747982353083694, 0.4708837359303249, 0.4696699781686779, 0.4681236915535721, 0.4658451887647256, 0.46537527960330816, 0.46415516812875174, 0.461887587964523, 0.460878930285094, 0.45599229074022846, 0.45503915501073416, 0.45540727666439423, 0.45266820605255825, 0.44925209435426233, 0.45114244667589487, 0.4498509904470723, 0.44701481369726054, 0.4496686393235285, 0.44321797736866236, 0.4420364792766338, 0.44022723378290723, 0.43786009614859267, 0.43957884427658833, 0.4372008040913215, 0.43454214406304986, 0.4359253041697451, 0.4351713648607712, 0.4336105369353196, 0.4322202734588942, 0.43160048713700067], "2": [0.6696292664543503, 0.5897300708719411, 0.5591447617710988, 0.5426750758053447, 0.5280357208554737, 0.5167905397785177, 0.5090748519851385, 0.5009673553631165, 0.4985457748921048, 0.49074040615119024, 0.48487469665022953, 0.482382472321682, 0.4761871557114886, 0.4713723448060528, 0.4712842270582062, 0.46872918390940926, 0.4633368989862274, 0.46060400969106235, 0.45828443245230943, 0.45863533618299246, 0.46339431845255563, 0.4582050599729349, 0.44868134206656407, 0.4471874493121913, 0.4446932700664845, 0.4430824216331069, 0.44172632396867634, 0.44408159360900784, 0.43876265385045826, 0.4367704927051498, 0.4351800554039868, 0.43226180320671387, 0.43300382350116906, 0.42947506067715696, 0.42779825058909143, 0.42613462257187784, 0.4241451625316436, 0.425851433260028, 0.4253068127485921, 0.4258097556892219, 0.420239961157887, 0.4212599663712926, 0.4185445411239143, 0.41824562884345606, 0.41712263630259744, 0.4186425812731972, 0.41744476465978136, 0.41326542003247374, 0.41429276598954995, 0.4121315077158785], "3": [0.6688034778702919, 0.6101332687339565, 0.5803478947407018, 0.5638048316900651, 0.5502139716735137, 0.5382575780605804, 0.5339527828786012, 0.5226709010438368, 0.5163759185797222, 0.5092559635016227, 0.5052893998748192, 0.5010519577798184, 0.4995509482974532, 0.4919686082363411, 0.48895469377835904, 0.48483190581046764, 0.4818471087386354, 0.4785907078226556, 0.4806793928212479, 0.4728504616089108, 0.47167725382977704, 0.4712927581625233, 0.4680764630592638, 0.4654289530511204, 0.46438068004842575, 0.4604018556368795, 0.4599832068446284, 0.4562881050454726, 0.4560864865868032, 0.45062439995824266, 0.4521875103913193, 0.44996810349645144, 0.4483357104023776, 0.44666298573314733, 0.45040933001184813, 0.44305902355123006, 0.4452502529335737, 0.4404522378046857, 0.4385429052024451, 0.4374224814174767, 0.4374929623910836, 0.43662396185886126, 0.4340858329487867, 0.43298130820363356, 0.43264057544733886, 0.4298471194050811, 0.43218732321551506, 0.4305387353654962, 0.42688277677903397, 0.4270136507716176], "4": [0.6613072348966845, 0.6005679625915696, 0.581684525156134, 0.5643609204345895, 0.5504597127026201, 0.5435524037593781, 0.5332401886279708, 0.5268917377708321, 0.5167043890221493, 0.5140702414150611, 0.5096901088770831, 0.5003862557879474, 0.4980281124898278, 0.4909254571985291, 0.48816659863802414, 0.48814253782619504, 0.4864687482484627, 0.4791909412880711, 0.4787942144767793, 0.47750609818117973, 0.47382122758659145, 0.468438452422278, 0.46381562455733416, 0.4627846591108486, 0.4624012563501771, 0.45796782048163837, 0.455557170315763, 0.4538789632827708, 0.4532945360764318, 0.4523724991908277, 0.44579785415989787, 0.4479545803082763, 0.44573171395647576, 0.4469161456833928, 0.4416783113654073, 0.44054239432949494, 0.4396053472523905, 0.436929430999927, 0.4362731415347173, 0.4348199491645664, 0.43163079738887283, 0.4298104393754902, 0.43224285660799006, 0.4317506957726468, 0.4260475845455395, 0.4254359547713644, 0.42540559228461916, 0.4286188244455266, 0.4266774373114685, 0.4243683428412663], "5": [0.6686031765507223, 0.6016666187261369, 0.5764808982540193, 0.5609738030338701, 0.5470125002533855, 0.5356957707377826, 0.528932701091191, 0.5192907478437063, 0.5143072567997671, 0.5073852946494092, 0.5061872138256907, 0.49795325421243436, 0.49207766994551905, 0.4879044431147139, 0.48273998051176686, 0.48106887503541795, 0.47858130356020734, 0.47753845579475634, 0.4713075561713345, 0.47274548507498265, 0.4684447785281233, 0.46650276847818295, 0.466182641009286, 0.463080627708593, 0.4576394053981037, 0.45822337334417396, 0.45808299606201774, 0.4565699738024349, 0.4527248303796685, 0.45189561552664836, 0.45449087502029417, 0.4466323640655832, 0.44625098525608187, 0.445412333637523, 0.4433576554553554, 0.44526667910560447, 0.4425644525312099, 0.4390786248156419, 0.43772741416557354, 0.43719445003566776, 0.43372253882067063, 0.4338912341026854, 0.432758397061366, 0.42939096842583985, 0.4295132737430488, 0.42687714470650306, 0.4276359914757946, 0.42607898822154155, 0.4256085629871685, 0.42463634865893174], "6": [0.6430104679254703, 0.5930535597638565, 0.5699612347332743, 0.5557821996345504, 0.5447213525651757, 0.534470428357177, 0.5252897704742873, 0.519575791656736, 0.5168187452791617, 0.5079613646803782, 0.5026316233096815, 0.5050213724750826, 0.49361237157312476, 0.49541826184239673, 0.49105845068578463, 0.484731262109069, 0.48170012830277725, 0.48130383380109953, 0.4765178777912062, 0.4740079891770984, 0.4708221028044773, 0.4687621897051246, 0.46785117681094146, 0.46655988136206517, 0.4610035537803775, 0.4620875996017494, 0.4600469979695529, 0.4574975201666167, 0.4558255199331214, 0.4537684458780928, 0.452312318995971, 0.4488007090163156, 0.4480220833646386, 0.4466154689515709, 0.44457409775313517, 0.4437366408187226, 0.4402681979341932, 0.4430196848683271, 0.43992934331932465, 0.44080467423430003, 0.4371267807337952, 0.435135457951176, 0.43155106397386794, 0.43250215468393516, 0.4298425360703224, 0.4286800407707597, 0.42615450097817914, 0.4264236477729556, 0.42402648680758215, 0.4224960516245113],